"Date","Source","Site ID","POC","Daily Max 1-hour NO2 Concentration","Units","Daily AQI Value","Local Site Name","Daily Obs Count","Percent Complete","AQS Parameter Code","AQS Parameter Description","Method Code","CBSA Code","CBSA Name","State FIPS Code","State","County FIPS Code","County","Site Latitude","Site Longitude"
"01/01/2022","AQS","060010007","1","27","ppb","25","Livermore","23","96.0000","42602","Nitrogen dioxide (NO2)","074","41860","San Francisco-Oakland-Hayward, CA","06","California","001","Alameda","37.687526","-121.784217"
"01/02/2022","AQS","060010007","1","21.9","ppb","20","Livermore","23","96.0000","42602","Nitrogen dioxide (NO2)","074","41860","San Francisco-Oakland-Hayward, CA","06","California","001","Alameda","37.687526","-121.784217"
"01/03/2022","AQS","060010007","1","20.7","ppb","19","Livermore","23","96.0000","42602","Nitrogen dioxide (NO2)","074","41860","San Francisco-Oakland-Hayward, CA","06","California","001","Alameda","37.687526","-121.784217"
"01/04/2022","AQS","060010007","1","22.3","ppb","21","Livermore","23","96.0000","42602","Nitrogen dioxide (NO2)","074","41860","San Francisco-Oakland-Hayward, CA","06","California","001","Alameda","37.687526","-121.784217"
"01/05/2022","AQS","060010007","1","7.3","ppb","7","Livermore","23","96.0000","42602","Nitrogen dioxide (NO2)","074","41860","San Francisco-Oakland-Hayward, CA","06","California","001","Alameda","37.687526","-121.784217"
"01/06/2022","AQS","060010007","1","10.7","ppb","9","Livermore","23","96.0000","42602","Nitrogen dioxide (NO2)","074","41860","San Francisco-Oakland-Hayward, CA","06","California","001","Alameda","37.687526","-121.784217"
"01/07/2022","AQS","060010007","1","20.4","ppb","19","Livermore","23","96.0000","42602","Nitrogen dioxide (NO2)","074","41860","San Francisco-Oakland-Hayward, CA","06","California","001","Alameda","37.687526","-121.784217"
"01/08/2022","AQS","060010007","1","22","ppb","21","Livermore","23","96.0000","42602","Nitrogen dioxide (NO2)","074","41860","San Francisco-Oakland-Hayward, CA","06","California","001","Alameda","37.687526","-121.784217"
"01/09/2022","AQS","060010007","1","18.6","ppb","17","Livermore","23","96.0000","42602","Nitrogen dioxide (NO2)","074","41860","San Francisco-Oakland-Hayward, CA","06","California","001","Alameda","37.687526","-121.784217"
"01/10/2022","AQS","060010007","1","20.2","ppb","19","Livermore","23","96.0000","42602","Nitrogen dioxide (NO2)","074","41860","San Francisco-Oakland-Hayward, CA","06","California","001","Alameda","37.687526","-121.784217"
"01/11/2022","AQS","060010007","1","24.3","ppb","23","Livermore","23","96.0000","42602","Nitrogen dioxide (NO2)","074","41860","San Francisco-Oakland-Hayward, CA","06","California","001","Alameda","37.687526","-121.784217"
"01/12/2022","AQS","060010007","1","24.5","ppb","23","Livermore","23","96.0000","42602","Nitrogen dioxide (NO2)","074","41860","San Francisco-Oakland-Hayward, CA","06","California","001","Alameda","37.687526","-121.784217"
"01/13/2022","AQS","060010007","1","28.1","ppb","26","Livermore","23","96.0000","42602","Nitrogen dioxide (NO2)","074","41860","San Francisco-Oakland-Hayward, CA","06","California","001","Alameda","37.687526","-121.784217"
"01/14/2022","AQS","060010007","1","22.6","ppb","21","Livermore","23","96.0000","42602","Nitrogen dioxide (NO2)","074","41860","San Francisco-Oakland-Hayward, CA","06","California","001","Alameda","37.687526","-121.784217"
"01/15/2022","AQS","060010007","1","24.5","ppb","23","Livermore","23","96.0000","42602","Nitrogen dioxide (NO2)","074","41860","San Francisco-Oakland-Hayward, CA","06","California","001","Alameda","37.687526","-121.784217"
"01/16/2022","AQS","060010007","1","20.7","ppb","19","Livermore","23","96.0000","42602","Nitrogen dioxide (NO2)","074","41860","San Francisco-Oakland-Hayward, CA","06","California","001","Alameda","37.687526","-121.784217"
"01/17/2022","AQS","060010007","1","22.4","ppb","21","Livermore","23","96.0000","42602","Nitrogen dioxide (NO2)","074","41860","San Francisco-Oakland-Hayward, CA","06","California","001","Alameda","37.687526","-121.784217"
"01/18/2022","AQS","060010007","1","23.6","ppb","22","Livermore","23","96.0000","42602","Nitrogen dioxide (NO2)","074","41860","San Francisco-Oakland-Hayward, CA","06","California","001","Alameda","37.687526","-121.784217"
"01/19/2022","AQS","060010007","1","25.7","ppb","24","Livermore","23","96.0000","42602","Nitrogen dioxide (NO2)","074","41860","San Francisco-Oakland-Hayward, CA","06","California","001","Alameda","37.687526","-121.784217"
"01/20/2022","AQS","060010007","1","26.4","ppb","25","Livermore","23","96.0000","42602","Nitrogen dioxide (NO2)","074","41860","San Francisco-Oakland-Hayward, CA","06","California","001","Alameda","37.687526","-121.784217"
"01/21/2022","AQS","060010007","1","19.8","ppb","18","Livermore","23","96.0000","42602","Nitrogen dioxide (NO2)","074","41860","San Francisco-Oakland-Hayward, CA","06","California","001","Alameda","37.687526","-121.784217"
"01/22/2022","AQS","060010007","1","22.5","ppb","21","Livermore","23","96.0000","42602","Nitrogen dioxide (NO2)","074","41860","San Francisco-Oakland-Hayward, CA","06","California","001","Alameda","37.687526","-121.784217"
"01/23/2022","AQS","060010007","1","24.3","ppb","23","Livermore","23","96.0000","42602","Nitrogen dioxide (NO2)","074","41860","San Francisco-Oakland-Hayward, CA","06","California","001","Alameda","37.687526","-121.784217"
"01/24/2022","AQS","060010007","1","30.5","ppb","28","Livermore","23","96.0000","42602","Nitrogen dioxide (NO2)","074","41860","San Francisco-Oakland-Hayward, CA","06","California","001","Alameda","37.687526","-121.784217"
"01/25/2022","AQS","060010007","1","28.5","ppb","26","Livermore","23","96.0000","42602","Nitrogen dioxide (NO2)","074","41860","San Francisco-Oakland-Hayward, CA","06","California","001","Alameda","37.687526","-121.784217"
"01/26/2022","AQS","060010007","1","31.9","ppb","29","Livermore","23","96.0000","42602","Nitrogen dioxide (NO2)","074","41860","San Francisco-Oakland-Hayward, CA","06","California","001","Alameda","37.687526","-121.784217"
"01/27/2022","AQS","060010007","1","28.8","ppb","26","Livermore","23","96.0000","42602","Nitrogen dioxide (NO2)","074","41860","San Francisco-Oakland-Hayward, CA","06","California","001","Alameda","37.687526","-121.784217"
"01/28/2022","AQS","060010007","1","31.8","ppb","29","Livermore","23","96.0000","42602","Nitrogen dioxide (NO2)","074","41860","San Francisco-Oakland-Hayward, CA","06","California","001","Alameda","37.687526","-121.784217"
"01/29/2022","AQS","060010007","1","26.1","ppb","25","Livermore","23","96.0000","42602","Nitrogen dioxide (NO2)","074","41860","San Francisco-Oakland-Hayward, CA","06","California","001","Alameda","37.687526","-121.784217"
"01/30/2022","AQS","060010007","1","25.3","ppb","24","Livermore","23","96.0000","42602","Nitrogen dioxide (NO2)","074","41860","San Francisco-Oakland-Hayward, CA","06","California","001","Alameda","37.687526","-121.784217"
"01/31/2022","AQS","060010007","1","24.8","ppb","23","Livermore","23","96.0000","42602","Nitrogen dioxide (NO2)","074","41860","San Francisco-Oakland-Hayward, CA","06","California","001","Alameda","37.687526","-121.784217"
"02/01/2022","AQS","060010007","1","28.2","ppb","26","Livermore","23","96.0000","42602","Nitrogen dioxide (NO2)","074","41860","San Francisco-Oakland-Hayward, CA","06","California","001","Alameda","37.687526","-121.784217"
"02/02/2022","AQS","060010007","1","30","ppb","28","Livermore","23","96.0000","42602","Nitrogen dioxide (NO2)","074","41860","San Francisco-Oakland-Hayward, CA","06","California","001","Alameda","37.687526","-121.784217"
"02/03/2022","AQS","060010007","1","29.6","ppb","27","Livermore","23","96.0000","42602","Nitrogen dioxide (NO2)","074","41860","San Francisco-Oakland-Hayward, CA","06","California","001","Alameda","37.687526","-121.784217"
"02/04/2022","AQS","060010007","1","34.1","ppb","32","Livermore","23","96.0000","42602","Nitrogen dioxide (NO2)","074","41860","San Francisco-Oakland-Hayward, CA","06","California","001","Alameda","37.687526","-121.784217"
"02/05/2022","AQS","060010007","1","28.2","ppb","26","Livermore","23","96.0000","42602","Nitrogen dioxide (NO2)","074","41860","San Francisco-Oakland-Hayward, CA","06","California","001","Alameda","37.687526","-121.784217"
"02/06/2022","AQS","060010007","1","27.9","ppb","25","Livermore","23","96.0000","42602","Nitrogen dioxide (NO2)","074","41860","San Francisco-Oakland-Hayward, CA","06","California","001","Alameda","37.687526","-121.784217"
"02/07/2022","AQS","060010007","1","34.2","ppb","32","Livermore","23","96.0000","42602","Nitrogen dioxide (NO2)","074","41860","San Francisco-Oakland-Hayward, CA","06","California","001","Alameda","37.687526","-121.784217"
"02/08/2022","AQS","060010007","1","31.4","ppb","29","Livermore","18","75.0000","42602","Nitrogen dioxide (NO2)","074","41860","San Francisco-Oakland-Hayward, CA","06","California","001","Alameda","37.687526","-121.784217"
"02/09/2022","AQS","060010007","1","32.4","ppb","30","Livermore","23","96.0000","42602","Nitrogen dioxide (NO2)","074","41860","San Francisco-Oakland-Hayward, CA","06","California","001","Alameda","37.687526","-121.784217"
"02/10/2022","AQS","060010007","1","28.3","ppb","26","Livermore","23","96.0000","42602","Nitrogen dioxide (NO2)","074","41860","San Francisco-Oakland-Hayward, CA","06","California","001","Alameda","37.687526","-121.784217"
"02/11/2022","AQS","060010007","1","29.9","ppb","27","Livermore","23","96.0000","42602","Nitrogen dioxide (NO2)","074","41860","San Francisco-Oakland-Hayward, CA","06","California","001","Alameda","37.687526","-121.784217"
"02/12/2022","AQS","060010007","1","28.8","ppb","26","Livermore","23","96.0000","42602","Nitrogen dioxide (NO2)","074","41860","San Francisco-Oakland-Hayward, CA","06","California","001","Alameda","37.687526","-121.784217"
"02/13/2022","AQS","060010007","1","28.9","ppb","26","Livermore","23","96.0000","42602","Nitrogen dioxide (NO2)","074","41860","San Francisco-Oakland-Hayward, CA","06","California","001","Alameda","37.687526","-121.784217"
"02/14/2022","AQS","060010007","1","22.7","ppb","21","Livermore","23","96.0000","42602","Nitrogen dioxide (NO2)","074","41860","San Francisco-Oakland-Hayward, CA","06","California","001","Alameda","37.687526","-121.784217"
"02/15/2022","AQS","060010007","1","22","ppb","21","Livermore","23","96.0000","42602","Nitrogen dioxide (NO2)","074","41860","San Francisco-Oakland-Hayward, CA","06","California","001","Alameda","37.687526","-121.784217"
"02/16/2022","AQS","060010007","1","26.9","ppb","25","Livermore","23","96.0000","42602","Nitrogen dioxide (NO2)","074","41860","San Francisco-Oakland-Hayward, CA","06","California","001","Alameda","37.687526","-121.784217"
"02/17/2022","AQS","060010007","1","26.4","ppb","25","Livermore","23","96.0000","42602","Nitrogen dioxide (NO2)","074","41860","San Francisco-Oakland-Hayward, CA","06","California","001","Alameda","37.687526","-121.784217"
"02/18/2022","AQS","060010007","1","36.4","ppb","34","Livermore","23","96.0000","42602","Nitrogen dioxide (NO2)","074","41860","San Francisco-Oakland-Hayward, CA","06","California","001","Alameda","37.687526","-121.784217"
"02/19/2022","AQS","060010007","1","24.9","ppb","23","Livermore","23","96.0000","42602","Nitrogen dioxide (NO2)","074","41860","San Francisco-Oakland-Hayward, CA","06","California","001","Alameda","37.687526","-121.784217"
"02/20/2022","AQS","060010007","1","23.8","ppb","22","Livermore","23","96.0000","42602","Nitrogen dioxide (NO2)","074","41860","San Francisco-Oakland-Hayward, CA","06","California","001","Alameda","37.687526","-121.784217"
"02/21/2022","AQS","060010007","1","26.1","ppb","25","Livermore","23","96.0000","42602","Nitrogen dioxide (NO2)","074","41860","San Francisco-Oakland-Hayward, CA","06","California","001","Alameda","37.687526","-121.784217"
"02/22/2022","AQS","060010007","1","14.2","ppb","13","Livermore","23","96.0000","42602","Nitrogen dioxide (NO2)","074","41860","San Francisco-Oakland-Hayward, CA","06","California","001","Alameda","37.687526","-121.784217"
"02/23/2022","AQS","060010007","1","23.2","ppb","22","Livermore","23","96.0000","42602","Nitrogen dioxide (NO2)","074","41860","San Francisco-Oakland-Hayward, CA","06","California","001","Alameda","37.687526","-121.784217"
"02/24/2022","AQS","060010007","1","25.6","ppb","24","Livermore","23","96.0000","42602","Nitrogen dioxide (NO2)","074","41860","San Francisco-Oakland-Hayward, CA","06","California","001","Alameda","37.687526","-121.784217"
"02/25/2022","AQS","060010007","1","28.9","ppb","26","Livermore","23","96.0000","42602","Nitrogen dioxide (NO2)","074","41860","San Francisco-Oakland-Hayward, CA","06","California","001","Alameda","37.687526","-121.784217"
"02/26/2022","AQS","060010007","1","25.1","ppb","24","Livermore","23","96.0000","42602","Nitrogen dioxide (NO2)","074","41860","San Francisco-Oakland-Hayward, CA","06","California","001","Alameda","37.687526","-121.784217"
"02/27/2022","AQS","060010007","1","26.9","ppb","25","Livermore","23","96.0000","42602","Nitrogen dioxide (NO2)","074","41860","San Francisco-Oakland-Hayward, CA","06","California","001","Alameda","37.687526","-121.784217"
"02/28/2022","AQS","060010007","1","31.3","ppb","29","Livermore","22","92.0000","42602","Nitrogen dioxide (NO2)","074","41860","San Francisco-Oakland-Hayward, CA","06","California","001","Alameda","37.687526","-121.784217"
"03/01/2022","AQS","060010007","1","28.2","ppb","26","Livermore","19","79.0000","42602","Nitrogen dioxide (NO2)","074","41860","San Francisco-Oakland-Hayward, CA","06","California","001","Alameda","37.687526","-121.784217"
"03/02/2022","AQS","060010007","1","27.3","ppb","25","Livermore","23","96.0000","42602","Nitrogen dioxide (NO2)","074","41860","San Francisco-Oakland-Hayward, CA","06","California","001","Alameda","37.687526","-121.784217"
"03/03/2022","AQS","060010007","1","22.4","ppb","21","Livermore","23","96.0000","42602","Nitrogen dioxide (NO2)","074","41860","San Francisco-Oakland-Hayward, CA","06","California","001","Alameda","37.687526","-121.784217"
"03/04/2022","AQS","060010007","1","13.9","ppb","12","Livermore","23","96.0000","42602","Nitrogen dioxide (NO2)","074","41860","San Francisco-Oakland-Hayward, CA","06","California","001","Alameda","37.687526","-121.784217"
"03/05/2022","AQS","060010007","1","18.1","ppb","17","Livermore","23","96.0000","42602","Nitrogen dioxide (NO2)","074","41860","San Francisco-Oakland-Hayward, CA","06","California","001","Alameda","37.687526","-121.784217"
"03/06/2022","AQS","060010007","1","16.9","ppb","15","Livermore","23","96.0000","42602","Nitrogen dioxide (NO2)","074","41860","San Francisco-Oakland-Hayward, CA","06","California","001","Alameda","37.687526","-121.784217"
"03/07/2022","AQS","060010007","1","29.5","ppb","27","Livermore","23","96.0000","42602","Nitrogen dioxide (NO2)","074","41860","San Francisco-Oakland-Hayward, CA","06","California","001","Alameda","37.687526","-121.784217"
"03/08/2022","AQS","060010007","1","29.8","ppb","27","Livermore","23","96.0000","42602","Nitrogen dioxide (NO2)","074","41860","San Francisco-Oakland-Hayward, CA","06","California","001","Alameda","37.687526","-121.784217"
"03/09/2022","AQS","060010007","1","24.5","ppb","23","Livermore","23","96.0000","42602","Nitrogen dioxide (NO2)","074","41860","San Francisco-Oakland-Hayward, CA","06","California","001","Alameda","37.687526","-121.784217"
"03/10/2022","AQS","060010007","1","30.3","ppb","28","Livermore","23","96.0000","42602","Nitrogen dioxide (NO2)","074","41860","San Francisco-Oakland-Hayward, CA","06","California","001","Alameda","37.687526","-121.784217"
"03/11/2022","AQS","060010007","1","32.6","ppb","30","Livermore","23","96.0000","42602","Nitrogen dioxide (NO2)","074","41860","San Francisco-Oakland-Hayward, CA","06","California","001","Alameda","37.687526","-121.784217"
"03/12/2022","AQS","060010007","1","25.4","ppb","24","Livermore","23","96.0000","42602","Nitrogen dioxide (NO2)","074","41860","San Francisco-Oakland-Hayward, CA","06","California","001","Alameda","37.687526","-121.784217"
"03/13/2022","AQS","060010007","1","15","ppb","14","Livermore","23","96.0000","42602","Nitrogen dioxide (NO2)","074","41860","San Francisco-Oakland-Hayward, CA","06","California","001","Alameda","37.687526","-121.784217"
"03/14/2022","AQS","060010007","1","27","ppb","25","Livermore","23","96.0000","42602","Nitrogen dioxide (NO2)","074","41860","San Francisco-Oakland-Hayward, CA","06","California","001","Alameda","37.687526","-121.784217"
"03/15/2022","AQS","060010007","1","9","ppb","8","Livermore","23","96.0000","42602","Nitrogen dioxide (NO2)","074","41860","San Francisco-Oakland-Hayward, CA","06","California","001","Alameda","37.687526","-121.784217"
"03/16/2022","AQS","060010007","1","23.6","ppb","22","Livermore","20","83.0000","42602","Nitrogen dioxide (NO2)","074","41860","San Francisco-Oakland-Hayward, CA","06","California","001","Alameda","37.687526","-121.784217"
"03/17/2022","AQS","060010007","1","20.8","ppb","19","Livermore","23","96.0000","42602","Nitrogen dioxide (NO2)","074","41860","San Francisco-Oakland-Hayward, CA","06","California","001","Alameda","37.687526","-121.784217"
"03/18/2022","AQS","060010007","1","25.2","ppb","24","Livermore","23","96.0000","42602","Nitrogen dioxide (NO2)","074","41860","San Francisco-Oakland-Hayward, CA","06","California","001","Alameda","37.687526","-121.784217"
"03/19/2022","AQS","060010007","1","4.7","ppb","4","Livermore","23","96.0000","42602","Nitrogen dioxide (NO2)","074","41860","San Francisco-Oakland-Hayward, CA","06","California","001","Alameda","37.687526","-121.784217"
"03/20/2022","AQS","060010007","1","15.1","ppb","14","Livermore","23","96.0000","42602","Nitrogen dioxide (NO2)","074","41860","San Francisco-Oakland-Hayward, CA","06","California","001","Alameda","37.687526","-121.784217"
"03/21/2022","AQS","060010007","1","24.3","ppb","23","Livermore","23","96.0000","42602","Nitrogen dioxide (NO2)","074","41860","San Francisco-Oakland-Hayward, CA","06","California","001","Alameda","37.687526","-121.784217"
"03/22/2022","AQS","060010007","1","17.1","ppb","16","Livermore","23","96.0000","42602","Nitrogen dioxide (NO2)","074","41860","San Francisco-Oakland-Hayward, CA","06","California","001","Alameda","37.687526","-121.784217"
"03/23/2022","AQS","060010007","1","16.8","ppb","15","Livermore","23","96.0000","42602","Nitrogen dioxide (NO2)","074","41860","San Francisco-Oakland-Hayward, CA","06","California","001","Alameda","37.687526","-121.784217"
"03/24/2022","AQS","060010007","1","19.3","ppb","18","Livermore","23","96.0000","42602","Nitrogen dioxide (NO2)","074","41860","San Francisco-Oakland-Hayward, CA","06","California","001","Alameda","37.687526","-121.784217"
"03/25/2022","AQS","060010007","1","10.5","ppb","9","Livermore","23","96.0000","42602","Nitrogen dioxide (NO2)","074","41860","San Francisco-Oakland-Hayward, CA","06","California","001","Alameda","37.687526","-121.784217"
"03/26/2022","AQS","060010007","1","20.7","ppb","19","Livermore","23","96.0000","42602","Nitrogen dioxide (NO2)","074","41860","San Francisco-Oakland-Hayward, CA","06","California","001","Alameda","37.687526","-121.784217"
"03/27/2022","AQS","060010007","1","3.5","ppb","3","Livermore","23","96.0000","42602","Nitrogen dioxide (NO2)","074","41860","San Francisco-Oakland-Hayward, CA","06","California","001","Alameda","37.687526","-121.784217"
"03/28/2022","AQS","060010007","1","4.8","ppb","4","Livermore","23","96.0000","42602","Nitrogen dioxide (NO2)","074","41860","San Francisco-Oakland-Hayward, CA","06","California","001","Alameda","37.687526","-121.784217"
"03/29/2022","AQS","060010007","1","10.3","ppb","9","Livermore","23","96.0000","42602","Nitrogen dioxide (NO2)","074","41860","San Francisco-Oakland-Hayward, CA","06","California","001","Alameda","37.687526","-121.784217"
"03/30/2022","AQS","060010007","1","5.4","ppb","5","Livermore","23","96.0000","42602","Nitrogen dioxide (NO2)","074","41860","San Francisco-Oakland-Hayward, CA","06","California","001","Alameda","37.687526","-121.784217"
"03/31/2022","AQS","060010007","1","19.5","ppb","18","Livermore","23","96.0000","42602","Nitrogen dioxide (NO2)","074","41860","San Francisco-Oakland-Hayward, CA","06","California","001","Alameda","37.687526","-121.784217"
"04/01/2022","AQS","060010007","1","19.9","ppb","18","Livermore","23","96.0000","42602","Nitrogen dioxide (NO2)","074","41860","San Francisco-Oakland-Hayward, CA","06","California","001","Alameda","37.687526","-121.784217"
"04/02/2022","AQS","060010007","1","14.2","ppb","13","Livermore","23","96.0000","42602","Nitrogen dioxide (NO2)","074","41860","San Francisco-Oakland-Hayward, CA","06","California","001","Alameda","37.687526","-121.784217"
"04/03/2022","AQS","060010007","1","15.6","ppb","14","Livermore","23","96.0000","42602","Nitrogen dioxide (NO2)","074","41860","San Francisco-Oakland-Hayward, CA","06","California","001","Alameda","37.687526","-121.784217"
"04/04/2022","AQS","060010007","1","3","ppb","3","Livermore","23","96.0000","42602","Nitrogen dioxide (NO2)","074","41860","San Francisco-Oakland-Hayward, CA","06","California","001","Alameda","37.687526","-121.784217"
"04/05/2022","AQS","060010007","1","26.5","ppb","25","Livermore","23","96.0000","42602","Nitrogen dioxide (NO2)","074","41860","San Francisco-Oakland-Hayward, CA","06","California","001","Alameda","37.687526","-121.784217"
"04/06/2022","AQS","060010007","1","27.6","ppb","25","Livermore","23","96.0000","42602","Nitrogen dioxide (NO2)","074","41860","San Francisco-Oakland-Hayward, CA","06","California","001","Alameda","37.687526","-121.784217"
"04/07/2022","AQS","060010007","1","32.3","ppb","30","Livermore","23","96.0000","42602","Nitrogen dioxide (NO2)","074","41860","San Francisco-Oakland-Hayward, CA","06","California","001","Alameda","37.687526","-121.784217"
"04/08/2022","AQS","060010007","1","32.5","ppb","30","Livermore","23","96.0000","42602","Nitrogen dioxide (NO2)","074","41860","San Francisco-Oakland-Hayward, CA","06","California","001","Alameda","37.687526","-121.784217"
"04/09/2022","AQS","060010007","1","18","ppb","17","Livermore","23","96.0000","42602","Nitrogen dioxide (NO2)","074","41860","San Francisco-Oakland-Hayward, CA","06","California","001","Alameda","37.687526","-121.784217"
"04/10/2022","AQS","060010007","1","2.2","ppb","2","Livermore","23","96.0000","42602","Nitrogen dioxide (NO2)","074","41860","San Francisco-Oakland-Hayward, CA","06","California","001","Alameda","37.687526","-121.784217"
"04/11/2022","AQS","060010007","1","2.6","ppb","2","Livermore","23","96.0000","42602","Nitrogen dioxide (NO2)","074","41860","San Francisco-Oakland-Hayward, CA","06","California","001","Alameda","37.687526","-121.784217"
"04/12/2022","AQS","060010007","1","7.6","ppb","7","Livermore","23","96.0000","42602","Nitrogen dioxide (NO2)","074","41860","San Francisco-Oakland-Hayward, CA","06","California","001","Alameda","37.687526","-121.784217"
"04/13/2022","AQS","060010007","1","23.6","ppb","22","Livermore","23","96.0000","42602","Nitrogen dioxide (NO2)","074","41860","San Francisco-Oakland-Hayward, CA","06","California","001","Alameda","37.687526","-121.784217"
"04/14/2022","AQS","060010007","1","4.3","ppb","4","Livermore","23","96.0000","42602","Nitrogen dioxide (NO2)","074","41860","San Francisco-Oakland-Hayward, CA","06","California","001","Alameda","37.687526","-121.784217"
"04/15/2022","AQS","060010007","1","7","ppb","7","Livermore","23","96.0000","42602","Nitrogen dioxide (NO2)","074","41860","San Francisco-Oakland-Hayward, CA","06","California","001","Alameda","37.687526","-121.784217"
"04/16/2022","AQS","060010007","1","4.3","ppb","4","Livermore","23","96.0000","42602","Nitrogen dioxide (NO2)","074","41860","San Francisco-Oakland-Hayward, CA","06","California","001","Alameda","37.687526","-121.784217"
"04/17/2022","AQS","060010007","1","6","ppb","6","Livermore","23","96.0000","42602","Nitrogen dioxide (NO2)","074","41860","San Francisco-Oakland-Hayward, CA","06","California","001","Alameda","37.687526","-121.784217"
"04/18/2022","AQS","060010007","1","19.9","ppb","18","Livermore","23","96.0000","42602","Nitrogen dioxide (NO2)","074","41860","San Francisco-Oakland-Hayward, CA","06","California","001","Alameda","37.687526","-121.784217"
"05/04/2022","AQS","060010007","1","23.8","ppb","22","Livermore","19","79.0000","42602","Nitrogen dioxide (NO2)","074","41860","San Francisco-Oakland-Hayward, CA","06","California","001","Alameda","37.687526","-121.784217"
"05/05/2022","AQS","060010007","1","7.2","ppb","7","Livermore","18","75.0000","42602","Nitrogen dioxide (NO2)","074","41860","San Francisco-Oakland-Hayward, CA","06","California","001","Alameda","37.687526","-121.784217"
"05/06/2022","AQS","060010007","1","4.1","ppb","4","Livermore","23","96.0000","42602","Nitrogen dioxide (NO2)","074","41860","San Francisco-Oakland-Hayward, CA","06","California","001","Alameda","37.687526","-121.784217"
"05/07/2022","AQS","060010007","1","1.9","ppb","1","Livermore","23","96.0000","42602","Nitrogen dioxide (NO2)","074","41860","San Francisco-Oakland-Hayward, CA","06","California","001","Alameda","37.687526","-121.784217"
"05/08/2022","AQS","060010007","1","1.5","ppb","1","Livermore","23","96.0000","42602","Nitrogen dioxide (NO2)","074","41860","San Francisco-Oakland-Hayward, CA","06","California","001","Alameda","37.687526","-121.784217"
"05/09/2022","AQS","060010007","1","3.7","ppb","3","Livermore","23","96.0000","42602","Nitrogen dioxide (NO2)","074","41860","San Francisco-Oakland-Hayward, CA","06","California","001","Alameda","37.687526","-121.784217"
"05/10/2022","AQS","060010007","1","18","ppb","17","Livermore","23","96.0000","42602","Nitrogen dioxide (NO2)","074","41860","San Francisco-Oakland-Hayward, CA","06","California","001","Alameda","37.687526","-121.784217"
"05/11/2022","AQS","060010007","1","27","ppb","25","Livermore","23","96.0000","42602","Nitrogen dioxide (NO2)","074","41860","San Francisco-Oakland-Hayward, CA","06","California","001","Alameda","37.687526","-121.784217"
"05/12/2022","AQS","060010007","1","3.3","ppb","3","Livermore","23","96.0000","42602","Nitrogen dioxide (NO2)","074","41860","San Francisco-Oakland-Hayward, CA","06","California","001","Alameda","37.687526","-121.784217"
"05/13/2022","AQS","060010007","1","17.4","ppb","16","Livermore","23","96.0000","42602","Nitrogen dioxide (NO2)","074","41860","San Francisco-Oakland-Hayward, CA","06","California","001","Alameda","37.687526","-121.784217"
"05/14/2022","AQS","060010007","1","15.4","ppb","14","Livermore","23","96.0000","42602","Nitrogen dioxide (NO2)","074","41860","San Francisco-Oakland-Hayward, CA","06","California","001","Alameda","37.687526","-121.784217"
"05/15/2022","AQS","060010007","1","12","ppb","11","Livermore","23","96.0000","42602","Nitrogen dioxide (NO2)","074","41860","San Francisco-Oakland-Hayward, CA","06","California","001","Alameda","37.687526","-121.784217"
"05/16/2022","AQS","060010007","1","4.3","ppb","4","Livermore","23","96.0000","42602","Nitrogen dioxide (NO2)","074","41860","San Francisco-Oakland-Hayward, CA","06","California","001","Alameda","37.687526","-121.784217"
"05/17/2022","AQS","060010007","1","13.8","ppb","12","Livermore","23","96.0000","42602","Nitrogen dioxide (NO2)","074","41860","San Francisco-Oakland-Hayward, CA","06","California","001","Alameda","37.687526","-121.784217"
"05/18/2022","AQS","060010007","1","19.3","ppb","18","Livermore","23","96.0000","42602","Nitrogen dioxide (NO2)","074","41860","San Francisco-Oakland-Hayward, CA","06","California","001","Alameda","37.687526","-121.784217"
"05/19/2022","AQS","060010007","1","20.4","ppb","19","Livermore","23","96.0000","42602","Nitrogen dioxide (NO2)","074","41860","San Francisco-Oakland-Hayward, CA","06","California","001","Alameda","37.687526","-121.784217"
"05/20/2022","AQS","060010007","1","19.7","ppb","18","Livermore","23","96.0000","42602","Nitrogen dioxide (NO2)","074","41860","San Francisco-Oakland-Hayward, CA","06","California","001","Alameda","37.687526","-121.784217"
"05/21/2022","AQS","060010007","1","21.1","ppb","20","Livermore","23","96.0000","42602","Nitrogen dioxide (NO2)","074","41860","San Francisco-Oakland-Hayward, CA","06","California","001","Alameda","37.687526","-121.784217"
"05/22/2022","AQS","060010007","1","12.8","ppb","11","Livermore","23","96.0000","42602","Nitrogen dioxide (NO2)","074","41860","San Francisco-Oakland-Hayward, CA","06","California","001","Alameda","37.687526","-121.784217"
"05/23/2022","AQS","060010007","1","15.4","ppb","14","Livermore","23","96.0000","42602","Nitrogen dioxide (NO2)","074","41860","San Francisco-Oakland-Hayward, CA","06","California","001","Alameda","37.687526","-121.784217"
"05/24/2022","AQS","060010007","1","24.5","ppb","23","Livermore","23","96.0000","42602","Nitrogen dioxide (NO2)","074","41860","San Francisco-Oakland-Hayward, CA","06","California","001","Alameda","37.687526","-121.784217"
"05/25/2022","AQS","060010007","1","28.2","ppb","26","Livermore","23","96.0000","42602","Nitrogen dioxide (NO2)","074","41860","San Francisco-Oakland-Hayward, CA","06","California","001","Alameda","37.687526","-121.784217"
"05/26/2022","AQS","060010007","1","7.3","ppb","7","Livermore","23","96.0000","42602","Nitrogen dioxide (NO2)","074","41860","San Francisco-Oakland-Hayward, CA","06","California","001","Alameda","37.687526","-121.784217"
"05/27/2022","AQS","060010007","1","3.5","ppb","3","Livermore","23","96.0000","42602","Nitrogen dioxide (NO2)","074","41860","San Francisco-Oakland-Hayward, CA","06","California","001","Alameda","37.687526","-121.784217"
"05/28/2022","AQS","060010007","1","1.4","ppb","1","Livermore","23","96.0000","42602","Nitrogen dioxide (NO2)","074","41860","San Francisco-Oakland-Hayward, CA","06","California","001","Alameda","37.687526","-121.784217"
"05/29/2022","AQS","060010007","1","2.7","ppb","2","Livermore","23","96.0000","42602","Nitrogen dioxide (NO2)","074","41860","San Francisco-Oakland-Hayward, CA","06","California","001","Alameda","37.687526","-121.784217"
"05/30/2022","AQS","060010007","1","4.9","ppb","4","Livermore","23","96.0000","42602","Nitrogen dioxide (NO2)","074","41860","San Francisco-Oakland-Hayward, CA","06","California","001","Alameda","37.687526","-121.784217"
"05/31/2022","AQS","060010007","1","15.7","ppb","14","Livermore","23","96.0000","42602","Nitrogen dioxide (NO2)","074","41860","San Francisco-Oakland-Hayward, CA","06","California","001","Alameda","37.687526","-121.784217"
"06/01/2022","AQS","060010007","1","22","ppb","21","Livermore","23","96.0000","42602","Nitrogen dioxide (NO2)","074","41860","San Francisco-Oakland-Hayward, CA","06","California","001","Alameda","37.687526","-121.784217"
"06/02/2022","AQS","060010007","1","8.9","ppb","8","Livermore","23","96.0000","42602","Nitrogen dioxide (NO2)","074","41860","San Francisco-Oakland-Hayward, CA","06","California","001","Alameda","37.687526","-121.784217"
"06/03/2022","AQS","060010007","1","3","ppb","3","Livermore","23","96.0000","42602","Nitrogen dioxide (NO2)","074","41860","San Francisco-Oakland-Hayward, CA","06","California","001","Alameda","37.687526","-121.784217"
"06/04/2022","AQS","060010007","1","4.7","ppb","4","Livermore","23","96.0000","42602","Nitrogen dioxide (NO2)","074","41860","San Francisco-Oakland-Hayward, CA","06","California","001","Alameda","37.687526","-121.784217"
"06/05/2022","AQS","060010007","1","3.4","ppb","3","Livermore","23","96.0000","42602","Nitrogen dioxide (NO2)","074","41860","San Francisco-Oakland-Hayward, CA","06","California","001","Alameda","37.687526","-121.784217"
"06/06/2022","AQS","060010007","1","7.3","ppb","7","Livermore","23","96.0000","42602","Nitrogen dioxide (NO2)","074","41860","San Francisco-Oakland-Hayward, CA","06","California","001","Alameda","37.687526","-121.784217"
"06/07/2022","AQS","060010007","1","10.1","ppb","9","Livermore","23","96.0000","42602","Nitrogen dioxide (NO2)","074","41860","San Francisco-Oakland-Hayward, CA","06","California","001","Alameda","37.687526","-121.784217"
"06/08/2022","AQS","060010007","1","6.4","ppb","6","Livermore","23","96.0000","42602","Nitrogen dioxide (NO2)","074","41860","San Francisco-Oakland-Hayward, CA","06","California","001","Alameda","37.687526","-121.784217"
"06/09/2022","AQS","060010007","1","15.1","ppb","14","Livermore","23","96.0000","42602","Nitrogen dioxide (NO2)","074","41860","San Francisco-Oakland-Hayward, CA","06","California","001","Alameda","37.687526","-121.784217"
"06/10/2022","AQS","060010007","1","14.1","ppb","13","Livermore","23","96.0000","42602","Nitrogen dioxide (NO2)","074","41860","San Francisco-Oakland-Hayward, CA","06","California","001","Alameda","37.687526","-121.784217"
"06/11/2022","AQS","060010007","1","9.2","ppb","8","Livermore","23","96.0000","42602","Nitrogen dioxide (NO2)","074","41860","San Francisco-Oakland-Hayward, CA","06","California","001","Alameda","37.687526","-121.784217"
"06/12/2022","AQS","060010007","1","2.5","ppb","2","Livermore","23","96.0000","42602","Nitrogen dioxide (NO2)","074","41860","San Francisco-Oakland-Hayward, CA","06","California","001","Alameda","37.687526","-121.784217"
"06/13/2022","AQS","060010007","1","14.4","ppb","13","Livermore","23","96.0000","42602","Nitrogen dioxide (NO2)","074","41860","San Francisco-Oakland-Hayward, CA","06","California","001","Alameda","37.687526","-121.784217"
"06/14/2022","AQS","060010007","1","21.7","ppb","20","Livermore","23","96.0000","42602","Nitrogen dioxide (NO2)","074","41860","San Francisco-Oakland-Hayward, CA","06","California","001","Alameda","37.687526","-121.784217"
"06/15/2022","AQS","060010007","1","23.3","ppb","22","Livermore","23","96.0000","42602","Nitrogen dioxide (NO2)","074","41860","San Francisco-Oakland-Hayward, CA","06","California","001","Alameda","37.687526","-121.784217"
"06/16/2022","AQS","060010007","1","8.9","ppb","8","Livermore","22","92.0000","42602","Nitrogen dioxide (NO2)","074","41860","San Francisco-Oakland-Hayward, CA","06","California","001","Alameda","37.687526","-121.784217"
"06/17/2022","AQS","060010007","1","3.2","ppb","3","Livermore","23","96.0000","42602","Nitrogen dioxide (NO2)","074","41860","San Francisco-Oakland-Hayward, CA","06","California","001","Alameda","37.687526","-121.784217"
"06/18/2022","AQS","060010007","1","2.8","ppb","2","Livermore","23","96.0000","42602","Nitrogen dioxide (NO2)","074","41860","San Francisco-Oakland-Hayward, CA","06","California","001","Alameda","37.687526","-121.784217"
"06/19/2022","AQS","060010007","1","5.5","ppb","5","Livermore","23","96.0000","42602","Nitrogen dioxide (NO2)","074","41860","San Francisco-Oakland-Hayward, CA","06","California","001","Alameda","37.687526","-121.784217"
"06/20/2022","AQS","060010007","1","15.3","ppb","14","Livermore","23","96.0000","42602","Nitrogen dioxide (NO2)","074","41860","San Francisco-Oakland-Hayward, CA","06","California","001","Alameda","37.687526","-121.784217"
"06/21/2022","AQS","060010007","1","23.7","ppb","22","Livermore","19","79.0000","42602","Nitrogen dioxide (NO2)","074","41860","San Francisco-Oakland-Hayward, CA","06","California","001","Alameda","37.687526","-121.784217"
"06/22/2022","AQS","060010007","1","29.7","ppb","27","Livermore","23","96.0000","42602","Nitrogen dioxide (NO2)","074","41860","San Francisco-Oakland-Hayward, CA","06","California","001","Alameda","37.687526","-121.784217"
"06/23/2022","AQS","060010007","1","25.4","ppb","24","Livermore","23","96.0000","42602","Nitrogen dioxide (NO2)","074","41860","San Francisco-Oakland-Hayward, CA","06","California","001","Alameda","37.687526","-121.784217"
"06/24/2022","AQS","060010007","1","11.8","ppb","10","Livermore","23","96.0000","42602","Nitrogen dioxide (NO2)","074","41860","San Francisco-Oakland-Hayward, CA","06","California","001","Alameda","37.687526","-121.784217"
"06/25/2022","AQS","060010007","1","12.2","ppb","11","Livermore","23","96.0000","42602","Nitrogen dioxide (NO2)","074","41860","San Francisco-Oakland-Hayward, CA","06","California","001","Alameda","37.687526","-121.784217"
"06/26/2022","AQS","060010007","1","8.1","ppb","8","Livermore","23","96.0000","42602","Nitrogen dioxide (NO2)","074","41860","San Francisco-Oakland-Hayward, CA","06","California","001","Alameda","37.687526","-121.784217"
"06/27/2022","AQS","060010007","1","9.8","ppb","8","Livermore","23","96.0000","42602","Nitrogen dioxide (NO2)","074","41860","San Francisco-Oakland-Hayward, CA","06","California","001","Alameda","37.687526","-121.784217"
"06/28/2022","AQS","060010007","1","8.6","ppb","8","Livermore","23","96.0000","42602","Nitrogen dioxide (NO2)","074","41860","San Francisco-Oakland-Hayward, CA","06","California","001","Alameda","37.687526","-121.784217"
"06/29/2022","AQS","060010007","1","5.7","ppb","5","Livermore","23","96.0000","42602","Nitrogen dioxide (NO2)","074","41860","San Francisco-Oakland-Hayward, CA","06","California","001","Alameda","37.687526","-121.784217"
"06/30/2022","AQS","060010007","1","3.8","ppb","3","Livermore","23","96.0000","42602","Nitrogen dioxide (NO2)","074","41860","San Francisco-Oakland-Hayward, CA","06","California","001","Alameda","37.687526","-121.784217"
"07/01/2022","AQS","060010007","1","4.1","ppb","4","Livermore","23","96.0000","42602","Nitrogen dioxide (NO2)","074","41860","San Francisco-Oakland-Hayward, CA","06","California","001","Alameda","37.687526","-121.784217"
"07/02/2022","AQS","060010007","1","1.4","ppb","1","Livermore","23","96.0000","42602","Nitrogen dioxide (NO2)","074","41860","San Francisco-Oakland-Hayward, CA","06","California","001","Alameda","37.687526","-121.784217"
"07/03/2022","AQS","060010007","1","1.4","ppb","1","Livermore","23","96.0000","42602","Nitrogen dioxide (NO2)","074","41860","San Francisco-Oakland-Hayward, CA","06","California","001","Alameda","37.687526","-121.784217"
"07/04/2022","AQS","060010007","1","3.3","ppb","3","Livermore","23","96.0000","42602","Nitrogen dioxide (NO2)","074","41860","San Francisco-Oakland-Hayward, CA","06","California","001","Alameda","37.687526","-121.784217"
"07/05/2022","AQS","060010007","1","6.3","ppb","6","Livermore","23","96.0000","42602","Nitrogen dioxide (NO2)","074","41860","San Francisco-Oakland-Hayward, CA","06","California","001","Alameda","37.687526","-121.784217"
"07/06/2022","AQS","060010007","1","1.6","ppb","1","Livermore","23","96.0000","42602","Nitrogen dioxide (NO2)","074","41860","San Francisco-Oakland-Hayward, CA","06","California","001","Alameda","37.687526","-121.784217"
"07/07/2022","AQS","060010007","1","3.9","ppb","3","Livermore","23","96.0000","42602","Nitrogen dioxide (NO2)","074","41860","San Francisco-Oakland-Hayward, CA","06","California","001","Alameda","37.687526","-121.784217"
"07/08/2022","AQS","060010007","1","8.3","ppb","8","Livermore","23","96.0000","42602","Nitrogen dioxide (NO2)","074","41860","San Francisco-Oakland-Hayward, CA","06","California","001","Alameda","37.687526","-121.784217"
"07/09/2022","AQS","060010007","1","2.8","ppb","2","Livermore","23","96.0000","42602","Nitrogen dioxide (NO2)","074","41860","San Francisco-Oakland-Hayward, CA","06","California","001","Alameda","37.687526","-121.784217"
"07/10/2022","AQS","060010007","1","9.5","ppb","8","Livermore","23","96.0000","42602","Nitrogen dioxide (NO2)","074","41860","San Francisco-Oakland-Hayward, CA","06","California","001","Alameda","37.687526","-121.784217"
"07/11/2022","AQS","060010007","1","20.4","ppb","19","Livermore","23","96.0000","42602","Nitrogen dioxide (NO2)","074","41860","San Francisco-Oakland-Hayward, CA","06","California","001","Alameda","37.687526","-121.784217"
"07/12/2022","AQS","060010007","1","9.1","ppb","8","Livermore","23","96.0000","42602","Nitrogen dioxide (NO2)","074","41860","San Francisco-Oakland-Hayward, CA","06","California","001","Alameda","37.687526","-121.784217"
"07/13/2022","AQS","060010007","1","7.1","ppb","7","Livermore","23","96.0000","42602","Nitrogen dioxide (NO2)","074","41860","San Francisco-Oakland-Hayward, CA","06","California","001","Alameda","37.687526","-121.784217"
"07/14/2022","AQS","060010007","1","8.9","ppb","8","Livermore","23","96.0000","42602","Nitrogen dioxide (NO2)","074","41860","San Francisco-Oakland-Hayward, CA","06","California","001","Alameda","37.687526","-121.784217"
"07/15/2022","AQS","060010007","1","7.1","ppb","7","Livermore","23","96.0000","42602","Nitrogen dioxide (NO2)","074","41860","San Francisco-Oakland-Hayward, CA","06","California","001","Alameda","37.687526","-121.784217"
"07/16/2022","AQS","060010007","1","9","ppb","8","Livermore","23","96.0000","42602","Nitrogen dioxide (NO2)","074","41860","San Francisco-Oakland-Hayward, CA","06","California","001","Alameda","37.687526","-121.784217"
"07/17/2022","AQS","060010007","1","6.3","ppb","6","Livermore","23","96.0000","42602","Nitrogen dioxide (NO2)","074","41860","San Francisco-Oakland-Hayward, CA","06","California","001","Alameda","37.687526","-121.784217"
"07/18/2022","AQS","060010007","1","8.9","ppb","8","Livermore","23","96.0000","42602","Nitrogen dioxide (NO2)","074","41860","San Francisco-Oakland-Hayward, CA","06","California","001","Alameda","37.687526","-121.784217"
"07/19/2022","AQS","060010007","1","11.2","ppb","10","Livermore","23","96.0000","42602","Nitrogen dioxide (NO2)","074","41860","San Francisco-Oakland-Hayward, CA","06","California","001","Alameda","37.687526","-121.784217"
"07/20/2022","AQS","060010007","1","7.4","ppb","7","Livermore","23","96.0000","42602","Nitrogen dioxide (NO2)","074","41860","San Francisco-Oakland-Hayward, CA","06","California","001","Alameda","37.687526","-121.784217"
"07/21/2022","AQS","060010007","1","8.9","ppb","8","Livermore","23","96.0000","42602","Nitrogen dioxide (NO2)","074","41860","San Francisco-Oakland-Hayward, CA","06","California","001","Alameda","37.687526","-121.784217"
"07/23/2022","AQS","060010007","1","5.6","ppb","5","Livermore","23","96.0000","42602","Nitrogen dioxide (NO2)","074","41860","San Francisco-Oakland-Hayward, CA","06","California","001","Alameda","37.687526","-121.784217"
"07/24/2022","AQS","060010007","1","7.3","ppb","7","Livermore","23","96.0000","42602","Nitrogen dioxide (NO2)","074","41860","San Francisco-Oakland-Hayward, CA","06","California","001","Alameda","37.687526","-121.784217"
"07/25/2022","AQS","060010007","1","7.1","ppb","7","Livermore","23","96.0000","42602","Nitrogen dioxide (NO2)","074","41860","San Francisco-Oakland-Hayward, CA","06","California","001","Alameda","37.687526","-121.784217"
"07/26/2022","AQS","060010007","1","6.7","ppb","6","Livermore","23","96.0000","42602","Nitrogen dioxide (NO2)","074","41860","San Francisco-Oakland-Hayward, CA","06","California","001","Alameda","37.687526","-121.784217"
"07/27/2022","AQS","060010007","1","7.5","ppb","7","Livermore","23","96.0000","42602","Nitrogen dioxide (NO2)","074","41860","San Francisco-Oakland-Hayward, CA","06","California","001","Alameda","37.687526","-121.784217"
"07/28/2022","AQS","060010007","1","7.9","ppb","7","Livermore","23","96.0000","42602","Nitrogen dioxide (NO2)","074","41860","San Francisco-Oakland-Hayward, CA","06","California","001","Alameda","37.687526","-121.784217"
"07/29/2022","AQS","060010007","1","5.3","ppb","5","Livermore","23","96.0000","42602","Nitrogen dioxide (NO2)","074","41860","San Francisco-Oakland-Hayward, CA","06","California","001","Alameda","37.687526","-121.784217"
"07/30/2022","AQS","060010007","1","3.4","ppb","3","Livermore","23","96.0000","42602","Nitrogen dioxide (NO2)","074","41860","San Francisco-Oakland-Hayward, CA","06","California","001","Alameda","37.687526","-121.784217"
"07/31/2022","AQS","060010007","1","5.9","ppb","5","Livermore","23","96.0000","42602","Nitrogen dioxide (NO2)","074","41860","San Francisco-Oakland-Hayward, CA","06","California","001","Alameda","37.687526","-121.784217"
"08/01/2022","AQS","060010007","1","16.7","ppb","15","Livermore","23","96.0000","42602","Nitrogen dioxide (NO2)","074","41860","San Francisco-Oakland-Hayward, CA","06","California","001","Alameda","37.687526","-121.784217"
"08/02/2022","AQS","060010007","1","21.2","ppb","20","Livermore","23","96.0000","42602","Nitrogen dioxide (NO2)","074","41860","San Francisco-Oakland-Hayward, CA","06","California","001","Alameda","37.687526","-121.784217"
"08/03/2022","AQS","060010007","1","10.3","ppb","9","Livermore","23","96.0000","42602","Nitrogen dioxide (NO2)","074","41860","San Francisco-Oakland-Hayward, CA","06","California","001","Alameda","37.687526","-121.784217"
"08/04/2022","AQS","060010007","1","12","ppb","11","Livermore","23","96.0000","42602","Nitrogen dioxide (NO2)","074","41860","San Francisco-Oakland-Hayward, CA","06","California","001","Alameda","37.687526","-121.784217"
"08/05/2022","AQS","060010007","1","5.8","ppb","5","Livermore","23","96.0000","42602","Nitrogen dioxide (NO2)","074","41860","San Francisco-Oakland-Hayward, CA","06","California","001","Alameda","37.687526","-121.784217"
"08/06/2022","AQS","060010007","1","4.2","ppb","4","Livermore","23","96.0000","42602","Nitrogen dioxide (NO2)","074","41860","San Francisco-Oakland-Hayward, CA","06","California","001","Alameda","37.687526","-121.784217"
"08/07/2022","AQS","060010007","1","3.8","ppb","3","Livermore","23","96.0000","42602","Nitrogen dioxide (NO2)","074","41860","San Francisco-Oakland-Hayward, CA","06","California","001","Alameda","37.687526","-121.784217"
"08/08/2022","AQS","060010007","1","5.9","ppb","5","Livermore","23","96.0000","42602","Nitrogen dioxide (NO2)","074","41860","San Francisco-Oakland-Hayward, CA","06","California","001","Alameda","37.687526","-121.784217"
"08/09/2022","AQS","060010007","1","4.2","ppb","4","Livermore","23","96.0000","42602","Nitrogen dioxide (NO2)","074","41860","San Francisco-Oakland-Hayward, CA","06","California","001","Alameda","37.687526","-121.784217"
"08/11/2022","AQS","060010007","1","5.3","ppb","5","Livermore","23","96.0000","42602","Nitrogen dioxide (NO2)","074","41860","San Francisco-Oakland-Hayward, CA","06","California","001","Alameda","37.687526","-121.784217"
"08/12/2022","AQS","060010007","1","4.4","ppb","4","Livermore","23","96.0000","42602","Nitrogen dioxide (NO2)","074","41860","San Francisco-Oakland-Hayward, CA","06","California","001","Alameda","37.687526","-121.784217"
"08/13/2022","AQS","060010007","1","9","ppb","8","Livermore","23","96.0000","42602","Nitrogen dioxide (NO2)","074","41860","San Francisco-Oakland-Hayward, CA","06","California","001","Alameda","37.687526","-121.784217"
"08/14/2022","AQS","060010007","1","7.8","ppb","7","Livermore","23","96.0000","42602","Nitrogen dioxide (NO2)","074","41860","San Francisco-Oakland-Hayward, CA","06","California","001","Alameda","37.687526","-121.784217"
"08/15/2022","AQS","060010007","1","20.3","ppb","19","Livermore","23","96.0000","42602","Nitrogen dioxide (NO2)","074","41860","San Francisco-Oakland-Hayward, CA","06","California","001","Alameda","37.687526","-121.784217"
"08/16/2022","AQS","060010007","1","26.3","ppb","25","Livermore","23","96.0000","42602","Nitrogen dioxide (NO2)","074","41860","San Francisco-Oakland-Hayward, CA","06","California","001","Alameda","37.687526","-121.784217"
"08/17/2022","AQS","060010007","1","15.3","ppb","14","Livermore","23","96.0000","42602","Nitrogen dioxide (NO2)","074","41860","San Francisco-Oakland-Hayward, CA","06","California","001","Alameda","37.687526","-121.784217"
"08/18/2022","AQS","060010007","1","13.9","ppb","12","Livermore","23","96.0000","42602","Nitrogen dioxide (NO2)","074","41860","San Francisco-Oakland-Hayward, CA","06","California","001","Alameda","37.687526","-121.784217"
"08/19/2022","AQS","060010007","1","8.3","ppb","8","Livermore","23","96.0000","42602","Nitrogen dioxide (NO2)","074","41860","San Francisco-Oakland-Hayward, CA","06","California","001","Alameda","37.687526","-121.784217"
"08/20/2022","AQS","060010007","1","10.7","ppb","9","Livermore","23","96.0000","42602","Nitrogen dioxide (NO2)","074","41860","San Francisco-Oakland-Hayward, CA","06","California","001","Alameda","37.687526","-121.784217"
"08/21/2022","AQS","060010007","1","7.9","ppb","7","Livermore","23","96.0000","42602","Nitrogen dioxide (NO2)","074","41860","San Francisco-Oakland-Hayward, CA","06","California","001","Alameda","37.687526","-121.784217"
"08/22/2022","AQS","060010007","1","7.5","ppb","7","Livermore","23","96.0000","42602","Nitrogen dioxide (NO2)","074","41860","San Francisco-Oakland-Hayward, CA","06","California","001","Alameda","37.687526","-121.784217"
"08/23/2022","AQS","060010007","1","9.4","ppb","8","Livermore","23","96.0000","42602","Nitrogen dioxide (NO2)","074","41860","San Francisco-Oakland-Hayward, CA","06","California","001","Alameda","37.687526","-121.784217"
"08/24/2022","AQS","060010007","1","14.6","ppb","13","Livermore","23","96.0000","42602","Nitrogen dioxide (NO2)","074","41860","San Francisco-Oakland-Hayward, CA","06","California","001","Alameda","37.687526","-121.784217"
"08/25/2022","AQS","060010007","1","8.5","ppb","8","Livermore","23","96.0000","42602","Nitrogen dioxide (NO2)","074","41860","San Francisco-Oakland-Hayward, CA","06","California","001","Alameda","37.687526","-121.784217"
"08/26/2022","AQS","060010007","1","6.9","ppb","6","Livermore","23","96.0000","42602","Nitrogen dioxide (NO2)","074","41860","San Francisco-Oakland-Hayward, CA","06","California","001","Alameda","37.687526","-121.784217"
"08/27/2022","AQS","060010007","1","6.3","ppb","6","Livermore","23","96.0000","42602","Nitrogen dioxide (NO2)","074","41860","San Francisco-Oakland-Hayward, CA","06","California","001","Alameda","37.687526","-121.784217"
"08/28/2022","AQS","060010007","1","5.3","ppb","5","Livermore","23","96.0000","42602","Nitrogen dioxide (NO2)","074","41860","San Francisco-Oakland-Hayward, CA","06","California","001","Alameda","37.687526","-121.784217"
"08/29/2022","AQS","060010007","1","10.7","ppb","9","Livermore","23","96.0000","42602","Nitrogen dioxide (NO2)","074","41860","San Francisco-Oakland-Hayward, CA","06","California","001","Alameda","37.687526","-121.784217"
"08/30/2022","AQS","060010007","1","14.6","ppb","13","Livermore","23","96.0000","42602","Nitrogen dioxide (NO2)","074","41860","San Francisco-Oakland-Hayward, CA","06","California","001","Alameda","37.687526","-121.784217"
"08/31/2022","AQS","060010007","1","13.5","ppb","12","Livermore","23","96.0000","42602","Nitrogen dioxide (NO2)","074","41860","San Francisco-Oakland-Hayward, CA","06","California","001","Alameda","37.687526","-121.784217"
"09/01/2022","AQS","060010007","1","20.9","ppb","19","Livermore","19","79.0000","42602","Nitrogen dioxide (NO2)","074","41860","San Francisco-Oakland-Hayward, CA","06","California","001","Alameda","37.687526","-121.784217"
"09/02/2022","AQS","060010007","1","18","ppb","17","Livermore","23","96.0000","42602","Nitrogen dioxide (NO2)","074","41860","San Francisco-Oakland-Hayward, CA","06","California","001","Alameda","37.687526","-121.784217"
"09/03/2022","AQS","060010007","1","16.4","ppb","15","Livermore","23","96.0000","42602","Nitrogen dioxide (NO2)","074","41860","San Francisco-Oakland-Hayward, CA","06","California","001","Alameda","37.687526","-121.784217"
"09/04/2022","AQS","060010007","1","20.2","ppb","19","Livermore","23","96.0000","42602","Nitrogen dioxide (NO2)","074","41860","San Francisco-Oakland-Hayward, CA","06","California","001","Alameda","37.687526","-121.784217"
"09/05/2022","AQS","060010007","1","27.4","ppb","25","Livermore","23","96.0000","42602","Nitrogen dioxide (NO2)","074","41860","San Francisco-Oakland-Hayward, CA","06","California","001","Alameda","37.687526","-121.784217"
"09/06/2022","AQS","060010007","1","28.8","ppb","26","Livermore","23","96.0000","42602","Nitrogen dioxide (NO2)","074","41860","San Francisco-Oakland-Hayward, CA","06","California","001","Alameda","37.687526","-121.784217"
"09/07/2022","AQS","060010007","1","22.2","ppb","21","Livermore","23","96.0000","42602","Nitrogen dioxide (NO2)","074","41860","San Francisco-Oakland-Hayward, CA","06","California","001","Alameda","37.687526","-121.784217"
"09/08/2022","AQS","060010007","1","25.3","ppb","24","Livermore","23","96.0000","42602","Nitrogen dioxide (NO2)","074","41860","San Francisco-Oakland-Hayward, CA","06","California","001","Alameda","37.687526","-121.784217"
"09/09/2022","AQS","060010007","1","26.2","ppb","25","Livermore","23","96.0000","42602","Nitrogen dioxide (NO2)","074","41860","San Francisco-Oakland-Hayward, CA","06","California","001","Alameda","37.687526","-121.784217"
"09/10/2022","AQS","060010007","1","8.9","ppb","8","Livermore","23","96.0000","42602","Nitrogen dioxide (NO2)","074","41860","San Francisco-Oakland-Hayward, CA","06","California","001","Alameda","37.687526","-121.784217"
"09/11/2022","AQS","060010007","1","7.7","ppb","7","Livermore","23","96.0000","42602","Nitrogen dioxide (NO2)","074","41860","San Francisco-Oakland-Hayward, CA","06","California","001","Alameda","37.687526","-121.784217"
"09/12/2022","AQS","060010007","1","9.3","ppb","8","Livermore","23","96.0000","42602","Nitrogen dioxide (NO2)","074","41860","San Francisco-Oakland-Hayward, CA","06","California","001","Alameda","37.687526","-121.784217"
"09/14/2022","AQS","060010007","1","3.6","ppb","3","Livermore","23","96.0000","42602","Nitrogen dioxide (NO2)","074","41860","San Francisco-Oakland-Hayward, CA","06","California","001","Alameda","37.687526","-121.784217"
"09/15/2022","AQS","060010007","1","4","ppb","4","Livermore","23","96.0000","42602","Nitrogen dioxide (NO2)","074","41860","San Francisco-Oakland-Hayward, CA","06","California","001","Alameda","37.687526","-121.784217"
"09/16/2022","AQS","060010007","1","4.2","ppb","4","Livermore","23","96.0000","42602","Nitrogen dioxide (NO2)","074","41860","San Francisco-Oakland-Hayward, CA","06","California","001","Alameda","37.687526","-121.784217"
"09/17/2022","AQS","060010007","1","5","ppb","5","Livermore","23","96.0000","42602","Nitrogen dioxide (NO2)","074","41860","San Francisco-Oakland-Hayward, CA","06","California","001","Alameda","37.687526","-121.784217"
"09/18/2022","AQS","060010007","1","7.8","ppb","7","Livermore","23","96.0000","42602","Nitrogen dioxide (NO2)","074","41860","San Francisco-Oakland-Hayward, CA","06","California","001","Alameda","37.687526","-121.784217"
"09/19/2022","AQS","060010007","1","15.2","ppb","14","Livermore","23","96.0000","42602","Nitrogen dioxide (NO2)","074","41860","San Francisco-Oakland-Hayward, CA","06","California","001","Alameda","37.687526","-121.784217"
"09/20/2022","AQS","060010007","1","13.6","ppb","12","Livermore","23","96.0000","42602","Nitrogen dioxide (NO2)","074","41860","San Francisco-Oakland-Hayward, CA","06","California","001","Alameda","37.687526","-121.784217"
"09/21/2022","AQS","060010007","1","15","ppb","14","Livermore","23","96.0000","42602","Nitrogen dioxide (NO2)","074","41860","San Francisco-Oakland-Hayward, CA","06","California","001","Alameda","37.687526","-121.784217"
"09/22/2022","AQS","060010007","1","23.5","ppb","22","Livermore","23","96.0000","42602","Nitrogen dioxide (NO2)","074","41860","San Francisco-Oakland-Hayward, CA","06","California","001","Alameda","37.687526","-121.784217"
"09/23/2022","AQS","060010007","1","26.1","ppb","25","Livermore","23","96.0000","42602","Nitrogen dioxide (NO2)","074","41860","San Francisco-Oakland-Hayward, CA","06","California","001","Alameda","37.687526","-121.784217"
"09/24/2022","AQS","060010007","1","25.3","ppb","24","Livermore","23","96.0000","42602","Nitrogen dioxide (NO2)","074","41860","San Francisco-Oakland-Hayward, CA","06","California","001","Alameda","37.687526","-121.784217"
"09/25/2022","AQS","060010007","1","21.1","ppb","20","Livermore","23","96.0000","42602","Nitrogen dioxide (NO2)","074","41860","San Francisco-Oakland-Hayward, CA","06","California","001","Alameda","37.687526","-121.784217"
"09/26/2022","AQS","060010007","1","9.9","ppb","8","Livermore","23","96.0000","42602","Nitrogen dioxide (NO2)","074","41860","San Francisco-Oakland-Hayward, CA","06","California","001","Alameda","37.687526","-121.784217"
"09/27/2022","AQS","060010007","1","10.9","ppb","9","Livermore","23","96.0000","42602","Nitrogen dioxide (NO2)","074","41860","San Francisco-Oakland-Hayward, CA","06","California","001","Alameda","37.687526","-121.784217"
"09/28/2022","AQS","060010007","1","12.2","ppb","11","Livermore","23","96.0000","42602","Nitrogen dioxide (NO2)","074","41860","San Francisco-Oakland-Hayward, CA","06","California","001","Alameda","37.687526","-121.784217"
"09/29/2022","AQS","060010007","1","22.7","ppb","21","Livermore","23","96.0000","42602","Nitrogen dioxide (NO2)","074","41860","San Francisco-Oakland-Hayward, CA","06","California","001","Alameda","37.687526","-121.784217"
"09/30/2022","AQS","060010007","1","24.3","ppb","23","Livermore","23","96.0000","42602","Nitrogen dioxide (NO2)","074","41860","San Francisco-Oakland-Hayward, CA","06","California","001","Alameda","37.687526","-121.784217"
"10/01/2022","AQS","060010007","1","9.7","ppb","8","Livermore","23","96.0000","42602","Nitrogen dioxide (NO2)","074","41860","San Francisco-Oakland-Hayward, CA","06","California","001","Alameda","37.687526","-121.784217"
"10/02/2022","AQS","060010007","1","4.3","ppb","4","Livermore","23","96.0000","42602","Nitrogen dioxide (NO2)","074","41860","San Francisco-Oakland-Hayward, CA","06","California","001","Alameda","37.687526","-121.784217"
"10/03/2022","AQS","060010007","1","9.2","ppb","8","Livermore","23","96.0000","42602","Nitrogen dioxide (NO2)","074","41860","San Francisco-Oakland-Hayward, CA","06","California","001","Alameda","37.687526","-121.784217"
"10/04/2022","AQS","060010007","1","15.8","ppb","14","Livermore","23","96.0000","42602","Nitrogen dioxide (NO2)","074","41860","San Francisco-Oakland-Hayward, CA","06","California","001","Alameda","37.687526","-121.784217"
"10/05/2022","AQS","060010007","1","25.4","ppb","24","Livermore","23","96.0000","42602","Nitrogen dioxide (NO2)","074","41860","San Francisco-Oakland-Hayward, CA","06","California","001","Alameda","37.687526","-121.784217"
"10/06/2022","AQS","060010007","1","22","ppb","21","Livermore","23","96.0000","42602","Nitrogen dioxide (NO2)","074","41860","San Francisco-Oakland-Hayward, CA","06","California","001","Alameda","37.687526","-121.784217"
"10/07/2022","AQS","060010007","1","20.1","ppb","19","Livermore","23","96.0000","42602","Nitrogen dioxide (NO2)","074","41860","San Francisco-Oakland-Hayward, CA","06","California","001","Alameda","37.687526","-121.784217"
"10/08/2022","AQS","060010007","1","22.2","ppb","21","Livermore","23","96.0000","42602","Nitrogen dioxide (NO2)","074","41860","San Francisco-Oakland-Hayward, CA","06","California","001","Alameda","37.687526","-121.784217"
"10/09/2022","AQS","060010007","1","11.2","ppb","10","Livermore","23","96.0000","42602","Nitrogen dioxide (NO2)","074","41860","San Francisco-Oakland-Hayward, CA","06","California","001","Alameda","37.687526","-121.784217"
"10/10/2022","AQS","060010007","1","17.9","ppb","16","Livermore","23","96.0000","42602","Nitrogen dioxide (NO2)","074","41860","San Francisco-Oakland-Hayward, CA","06","California","001","Alameda","37.687526","-121.784217"
"10/11/2022","AQS","060010007","1","17","ppb","16","Livermore","23","96.0000","42602","Nitrogen dioxide (NO2)","074","41860","San Francisco-Oakland-Hayward, CA","06","California","001","Alameda","37.687526","-121.784217"
"10/12/2022","AQS","060010007","1","12.9","ppb","11","Livermore","23","96.0000","42602","Nitrogen dioxide (NO2)","074","41860","San Francisco-Oakland-Hayward, CA","06","California","001","Alameda","37.687526","-121.784217"
"10/13/2022","AQS","060010007","1","14.3","ppb","13","Livermore","23","96.0000","42602","Nitrogen dioxide (NO2)","074","41860","San Francisco-Oakland-Hayward, CA","06","California","001","Alameda","37.687526","-121.784217"
"10/14/2022","AQS","060010007","1","16.4","ppb","15","Livermore","23","96.0000","42602","Nitrogen dioxide (NO2)","074","41860","San Francisco-Oakland-Hayward, CA","06","California","001","Alameda","37.687526","-121.784217"
"10/15/2022","AQS","060010007","1","5.1","ppb","5","Livermore","23","96.0000","42602","Nitrogen dioxide (NO2)","074","41860","San Francisco-Oakland-Hayward, CA","06","California","001","Alameda","37.687526","-121.784217"
"10/16/2022","AQS","060010007","1","15.6","ppb","14","Livermore","23","96.0000","42602","Nitrogen dioxide (NO2)","074","41860","San Francisco-Oakland-Hayward, CA","06","California","001","Alameda","37.687526","-121.784217"
"10/17/2022","AQS","060010007","1","23.2","ppb","22","Livermore","23","96.0000","42602","Nitrogen dioxide (NO2)","074","41860","San Francisco-Oakland-Hayward, CA","06","California","001","Alameda","37.687526","-121.784217"
"10/18/2022","AQS","060010007","1","29.2","ppb","27","Livermore","23","96.0000","42602","Nitrogen dioxide (NO2)","074","41860","San Francisco-Oakland-Hayward, CA","06","California","001","Alameda","37.687526","-121.784217"
"10/19/2022","AQS","060010007","1","41.3","ppb","39","Livermore","23","96.0000","42602","Nitrogen dioxide (NO2)","074","41860","San Francisco-Oakland-Hayward, CA","06","California","001","Alameda","37.687526","-121.784217"
"10/20/2022","AQS","060010007","1","29.4","ppb","27","Livermore","23","96.0000","42602","Nitrogen dioxide (NO2)","074","41860","San Francisco-Oakland-Hayward, CA","06","California","001","Alameda","37.687526","-121.784217"
"10/21/2022","AQS","060010007","1","28.3","ppb","26","Livermore","23","96.0000","42602","Nitrogen dioxide (NO2)","074","41860","San Francisco-Oakland-Hayward, CA","06","California","001","Alameda","37.687526","-121.784217"
"10/22/2022","AQS","060010007","1","4","ppb","4","Livermore","23","96.0000","42602","Nitrogen dioxide (NO2)","074","41860","San Francisco-Oakland-Hayward, CA","06","California","001","Alameda","37.687526","-121.784217"
"10/23/2022","AQS","060010007","1","15.2","ppb","14","Livermore","23","96.0000","42602","Nitrogen dioxide (NO2)","074","41860","San Francisco-Oakland-Hayward, CA","06","California","001","Alameda","37.687526","-121.784217"
"10/24/2022","AQS","060010007","1","24.8","ppb","23","Livermore","23","96.0000","42602","Nitrogen dioxide (NO2)","074","41860","San Francisco-Oakland-Hayward, CA","06","California","001","Alameda","37.687526","-121.784217"
"10/25/2022","AQS","060010007","1","22.7","ppb","21","Livermore","23","96.0000","42602","Nitrogen dioxide (NO2)","074","41860","San Francisco-Oakland-Hayward, CA","06","California","001","Alameda","37.687526","-121.784217"
"10/26/2022","AQS","060010007","1","21.8","ppb","20","Livermore","23","96.0000","42602","Nitrogen dioxide (NO2)","074","41860","San Francisco-Oakland-Hayward, CA","06","California","001","Alameda","37.687526","-121.784217"
"10/27/2022","AQS","060010007","1","28.9","ppb","26","Livermore","23","96.0000","42602","Nitrogen dioxide (NO2)","074","41860","San Francisco-Oakland-Hayward, CA","06","California","001","Alameda","37.687526","-121.784217"
"10/28/2022","AQS","060010007","1","26.1","ppb","25","Livermore","23","96.0000","42602","Nitrogen dioxide (NO2)","074","41860","San Francisco-Oakland-Hayward, CA","06","California","001","Alameda","37.687526","-121.784217"
"10/29/2022","AQS","060010007","1","22.5","ppb","21","Livermore","23","96.0000","42602","Nitrogen dioxide (NO2)","074","41860","San Francisco-Oakland-Hayward, CA","06","California","001","Alameda","37.687526","-121.784217"
"10/30/2022","AQS","060010007","1","16","ppb","15","Livermore","23","96.0000","42602","Nitrogen dioxide (NO2)","074","41860","San Francisco-Oakland-Hayward, CA","06","California","001","Alameda","37.687526","-121.784217"
"10/31/2022","AQS","060010007","1","20.9","ppb","19","Livermore","23","96.0000","42602","Nitrogen dioxide (NO2)","074","41860","San Francisco-Oakland-Hayward, CA","06","California","001","Alameda","37.687526","-121.784217"
"11/01/2022","AQS","060010007","1","3.5","ppb","3","Livermore","23","96.0000","42602","Nitrogen dioxide (NO2)","074","41860","San Francisco-Oakland-Hayward, CA","06","California","001","Alameda","37.687526","-121.784217"
"11/02/2022","AQS","060010007","1","22.3","ppb","21","Livermore","23","96.0000","42602","Nitrogen dioxide (NO2)","074","41860","San Francisco-Oakland-Hayward, CA","06","California","001","Alameda","37.687526","-121.784217"
"11/03/2022","AQS","060010007","1","21.2","ppb","20","Livermore","23","96.0000","42602","Nitrogen dioxide (NO2)","074","41860","San Francisco-Oakland-Hayward, CA","06","California","001","Alameda","37.687526","-121.784217"
"11/04/2022","AQS","060010007","1","20.5","ppb","19","Livermore","23","96.0000","42602","Nitrogen dioxide (NO2)","074","41860","San Francisco-Oakland-Hayward, CA","06","California","001","Alameda","37.687526","-121.784217"
"11/05/2022","AQS","060010007","1","17.3","ppb","16","Livermore","23","96.0000","42602","Nitrogen dioxide (NO2)","074","41860","San Francisco-Oakland-Hayward, CA","06","California","001","Alameda","37.687526","-121.784217"
"11/06/2022","AQS","060010007","1","3.1","ppb","3","Livermore","23","96.0000","42602","Nitrogen dioxide (NO2)","074","41860","San Francisco-Oakland-Hayward, CA","06","California","001","Alameda","37.687526","-121.784217"
"11/07/2022","AQS","060010007","1","10.4","ppb","9","Livermore","23","96.0000","42602","Nitrogen dioxide (NO2)","074","41860","San Francisco-Oakland-Hayward, CA","06","California","001","Alameda","37.687526","-121.784217"
"11/08/2022","AQS","060010007","1","10.6","ppb","9","Livermore","23","96.0000","42602","Nitrogen dioxide (NO2)","074","41860","San Francisco-Oakland-Hayward, CA","06","California","001","Alameda","37.687526","-121.784217"
"11/09/2022","AQS","060010007","1","20.5","ppb","19","Livermore","23","96.0000","42602","Nitrogen dioxide (NO2)","074","41860","San Francisco-Oakland-Hayward, CA","06","California","001","Alameda","37.687526","-121.784217"
"11/10/2022","AQS","060010007","1","20.9","ppb","19","Livermore","23","96.0000","42602","Nitrogen dioxide (NO2)","074","41860","San Francisco-Oakland-Hayward, CA","06","California","001","Alameda","37.687526","-121.784217"
"11/11/2022","AQS","060010007","1","26.1","ppb","25","Livermore","23","96.0000","42602","Nitrogen dioxide (NO2)","074","41860","San Francisco-Oakland-Hayward, CA","06","California","001","Alameda","37.687526","-121.784217"
"11/12/2022","AQS","060010007","1","18.2","ppb","17","Livermore","23","96.0000","42602","Nitrogen dioxide (NO2)","074","41860","San Francisco-Oakland-Hayward, CA","06","California","001","Alameda","37.687526","-121.784217"
"11/13/2022","AQS","060010007","1","22","ppb","21","Livermore","23","96.0000","42602","Nitrogen dioxide (NO2)","074","41860","San Francisco-Oakland-Hayward, CA","06","California","001","Alameda","37.687526","-121.784217"
"11/14/2022","AQS","060010007","1","24.5","ppb","23","Livermore","23","96.0000","42602","Nitrogen dioxide (NO2)","074","41860","San Francisco-Oakland-Hayward, CA","06","California","001","Alameda","37.687526","-121.784217"
"11/17/2022","AQS","060010007","1","37.6","ppb","35","Livermore","23","96.0000","42602","Nitrogen dioxide (NO2)","074","41860","San Francisco-Oakland-Hayward, CA","06","California","001","Alameda","37.687526","-121.784217"
"11/18/2022","AQS","060010007","1","28.1","ppb","26","Livermore","23","96.0000","42602","Nitrogen dioxide (NO2)","074","41860","San Francisco-Oakland-Hayward, CA","06","California","001","Alameda","37.687526","-121.784217"
"11/19/2022","AQS","060010007","1","29.2","ppb","27","Livermore","23","96.0000","42602","Nitrogen dioxide (NO2)","074","41860","San Francisco-Oakland-Hayward, CA","06","California","001","Alameda","37.687526","-121.784217"
"11/20/2022","AQS","060010007","1","33.3","ppb","31","Livermore","23","96.0000","42602","Nitrogen dioxide (NO2)","074","41860","San Francisco-Oakland-Hayward, CA","06","California","001","Alameda","37.687526","-121.784217"
"11/21/2022","AQS","060010007","1","33.9","ppb","31","Livermore","22","92.0000","42602","Nitrogen dioxide (NO2)","074","41860","San Francisco-Oakland-Hayward, CA","06","California","001","Alameda","37.687526","-121.784217"
"11/22/2022","AQS","060010007","1","37.3","ppb","35","Livermore","19","79.0000","42602","Nitrogen dioxide (NO2)","074","41860","San Francisco-Oakland-Hayward, CA","06","California","001","Alameda","37.687526","-121.784217"
"11/23/2022","AQS","060010007","1","33.4","ppb","31","Livermore","23","96.0000","42602","Nitrogen dioxide (NO2)","074","41860","San Francisco-Oakland-Hayward, CA","06","California","001","Alameda","37.687526","-121.784217"
"11/24/2022","AQS","060010007","1","32.8","ppb","30","Livermore","23","96.0000","42602","Nitrogen dioxide (NO2)","074","41860","San Francisco-Oakland-Hayward, CA","06","California","001","Alameda","37.687526","-121.784217"
"11/25/2022","AQS","060010007","1","42.1","ppb","40","Livermore","23","96.0000","42602","Nitrogen dioxide (NO2)","074","41860","San Francisco-Oakland-Hayward, CA","06","California","001","Alameda","37.687526","-121.784217"
"11/26/2022","AQS","060010007","1","33.4","ppb","31","Livermore","23","96.0000","42602","Nitrogen dioxide (NO2)","074","41860","San Francisco-Oakland-Hayward, CA","06","California","001","Alameda","37.687526","-121.784217"
"11/27/2022","AQS","060010007","1","30.9","ppb","28","Livermore","23","96.0000","42602","Nitrogen dioxide (NO2)","074","41860","San Francisco-Oakland-Hayward, CA","06","California","001","Alameda","37.687526","-121.784217"
"11/28/2022","AQS","060010007","1","27.5","ppb","25","Livermore","23","96.0000","42602","Nitrogen dioxide (NO2)","074","41860","San Francisco-Oakland-Hayward, CA","06","California","001","Alameda","37.687526","-121.784217"
"11/29/2022","AQS","060010007","1","29.8","ppb","27","Livermore","23","96.0000","42602","Nitrogen dioxide (NO2)","074","41860","San Francisco-Oakland-Hayward, CA","06","California","001","Alameda","37.687526","-121.784217"
"11/30/2022","AQS","060010007","1","29.2","ppb","27","Livermore","23","96.0000","42602","Nitrogen dioxide (NO2)","074","41860","San Francisco-Oakland-Hayward, CA","06","California","001","Alameda","37.687526","-121.784217"
"12/01/2022","AQS","060010007","1","27.1","ppb","25","Livermore","23","96.0000","42602","Nitrogen dioxide (NO2)","074","41860","San Francisco-Oakland-Hayward, CA","06","California","001","Alameda","37.687526","-121.784217"
"12/02/2022","AQS","060010007","1","21.5","ppb","20","Livermore","23","96.0000","42602","Nitrogen dioxide (NO2)","074","41860","San Francisco-Oakland-Hayward, CA","06","California","001","Alameda","37.687526","-121.784217"
"12/03/2022","AQS","060010007","1","17.9","ppb","16","Livermore","23","96.0000","42602","Nitrogen dioxide (NO2)","074","41860","San Francisco-Oakland-Hayward, CA","06","California","001","Alameda","37.687526","-121.784217"
"12/04/2022","AQS","060010007","1","17.2","ppb","16","Livermore","23","96.0000","42602","Nitrogen dioxide (NO2)","074","41860","San Francisco-Oakland-Hayward, CA","06","California","001","Alameda","37.687526","-121.784217"
"12/05/2022","AQS","060010007","1","24.7","ppb","23","Livermore","23","96.0000","42602","Nitrogen dioxide (NO2)","074","41860","San Francisco-Oakland-Hayward, CA","06","California","001","Alameda","37.687526","-121.784217"
"12/06/2022","AQS","060010007","1","21.4","ppb","20","Livermore","23","96.0000","42602","Nitrogen dioxide (NO2)","074","41860","San Francisco-Oakland-Hayward, CA","06","California","001","Alameda","37.687526","-121.784217"
"12/07/2022","AQS","060010007","1","28.6","ppb","26","Livermore","23","96.0000","42602","Nitrogen dioxide (NO2)","074","41860","San Francisco-Oakland-Hayward, CA","06","California","001","Alameda","37.687526","-121.784217"
"12/08/2022","AQS","060010007","1","20","ppb","19","Livermore","23","96.0000","42602","Nitrogen dioxide (NO2)","074","41860","San Francisco-Oakland-Hayward, CA","06","California","001","Alameda","37.687526","-121.784217"
"12/09/2022","AQS","060010007","1","22.8","ppb","21","Livermore","23","96.0000","42602","Nitrogen dioxide (NO2)","074","41860","San Francisco-Oakland-Hayward, CA","06","California","001","Alameda","37.687526","-121.784217"
"12/10/2022","AQS","060010007","1","16.1","ppb","15","Livermore","23","96.0000","42602","Nitrogen dioxide (NO2)","074","41860","San Francisco-Oakland-Hayward, CA","06","California","001","Alameda","37.687526","-121.784217"
"12/11/2022","AQS","060010007","1","3.7","ppb","3","Livermore","23","96.0000","42602","Nitrogen dioxide (NO2)","074","41860","San Francisco-Oakland-Hayward, CA","06","California","001","Alameda","37.687526","-121.784217"
"12/12/2022","AQS","060010007","1","23.8","ppb","22","Livermore","23","96.0000","42602","Nitrogen dioxide (NO2)","074","41860","San Francisco-Oakland-Hayward, CA","06","California","001","Alameda","37.687526","-121.784217"
"12/13/2022","AQS","060010007","1","25.8","ppb","24","Livermore","23","96.0000","42602","Nitrogen dioxide (NO2)","074","41860","San Francisco-Oakland-Hayward, CA","06","California","001","Alameda","37.687526","-121.784217"
"12/14/2022","AQS","060010007","1","26.8","ppb","25","Livermore","23","96.0000","42602","Nitrogen dioxide (NO2)","074","41860","San Francisco-Oakland-Hayward, CA","06","California","001","Alameda","37.687526","-121.784217"
"12/15/2022","AQS","060010007","1","28.3","ppb","26","Livermore","23","96.0000","42602","Nitrogen dioxide (NO2)","074","41860","San Francisco-Oakland-Hayward, CA","06","California","001","Alameda","37.687526","-121.784217"
"12/16/2022","AQS","060010007","1","30.8","ppb","28","Livermore","23","96.0000","42602","Nitrogen dioxide (NO2)","074","41860","San Francisco-Oakland-Hayward, CA","06","California","001","Alameda","37.687526","-121.784217"
"12/17/2022","AQS","060010007","1","28.4","ppb","26","Livermore","23","96.0000","42602","Nitrogen dioxide (NO2)","074","41860","San Francisco-Oakland-Hayward, CA","06","California","001","Alameda","37.687526","-121.784217"
"12/18/2022","AQS","060010007","1","22.5","ppb","21","Livermore","23","96.0000","42602","Nitrogen dioxide (NO2)","074","41860","San Francisco-Oakland-Hayward, CA","06","California","001","Alameda","37.687526","-121.784217"
"12/19/2022","AQS","060010007","1","11.4","ppb","10","Livermore","23","96.0000","42602","Nitrogen dioxide (NO2)","074","41860","San Francisco-Oakland-Hayward, CA","06","California","001","Alameda","37.687526","-121.784217"
"12/20/2022","AQS","060010007","1","27.5","ppb","25","Livermore","19","79.0000","42602","Nitrogen dioxide (NO2)","074","41860","San Francisco-Oakland-Hayward, CA","06","California","001","Alameda","37.687526","-121.784217"
"12/21/2022","AQS","060010007","1","30.1","ppb","28","Livermore","23","96.0000","42602","Nitrogen dioxide (NO2)","074","41860","San Francisco-Oakland-Hayward, CA","06","California","001","Alameda","37.687526","-121.784217"
"12/22/2022","AQS","060010007","1","21.6","ppb","20","Livermore","23","96.0000","42602","Nitrogen dioxide (NO2)","074","41860","San Francisco-Oakland-Hayward, CA","06","California","001","Alameda","37.687526","-121.784217"
"12/23/2022","AQS","060010007","1","17.3","ppb","16","Livermore","23","96.0000","42602","Nitrogen dioxide (NO2)","074","41860","San Francisco-Oakland-Hayward, CA","06","California","001","Alameda","37.687526","-121.784217"
"12/24/2022","AQS","060010007","1","17.2","ppb","16","Livermore","23","96.0000","42602","Nitrogen dioxide (NO2)","074","41860","San Francisco-Oakland-Hayward, CA","06","California","001","Alameda","37.687526","-121.784217"
"12/25/2022","AQS","060010007","1","20.3","ppb","19","Livermore","23","96.0000","42602","Nitrogen dioxide (NO2)","074","41860","San Francisco-Oakland-Hayward, CA","06","California","001","Alameda","37.687526","-121.784217"
"12/26/2022","AQS","060010007","1","17.3","ppb","16","Livermore","23","96.0000","42602","Nitrogen dioxide (NO2)","074","41860","San Francisco-Oakland-Hayward, CA","06","California","001","Alameda","37.687526","-121.784217"
"12/27/2022","AQS","060010007","1","11.5","ppb","10","Livermore","23","96.0000","42602","Nitrogen dioxide (NO2)","074","41860","San Francisco-Oakland-Hayward, CA","06","California","001","Alameda","37.687526","-121.784217"
"12/28/2022","AQS","060010007","1","23.1","ppb","22","Livermore","23","96.0000","42602","Nitrogen dioxide (NO2)","074","41860","San Francisco-Oakland-Hayward, CA","06","California","001","Alameda","37.687526","-121.784217"
"12/29/2022","AQS","060010007","1","13.9","ppb","12","Livermore","23","96.0000","42602","Nitrogen dioxide (NO2)","074","41860","San Francisco-Oakland-Hayward, CA","06","California","001","Alameda","37.687526","-121.784217"
"12/30/2022","AQS","060010007","1","2.3","ppb","2","Livermore","23","96.0000","42602","Nitrogen dioxide (NO2)","074","41860","San Francisco-Oakland-Hayward, CA","06","California","001","Alameda","37.687526","-121.784217"
"12/31/2022","AQS","060010007","1","3","ppb","3","Livermore","23","96.0000","42602","Nitrogen dioxide (NO2)","074","41860","San Francisco-Oakland-Hayward, CA","06","California","001","Alameda","37.687526","-121.784217"
